category,profile,month,year,fb_followers,fb_number_likes,fb_number_comments,fb_number_posts,insta_followers,insta_number_comments,insta_number_posts,insta_number_likes,twitter_fans,twitter_number_posts,twitter_number_likes,twitter_retweets
Líderes Mundiais,Donald Trump,1,19,23797811.0,5412750.0,841780.0,118.0,,832356.0,78.0,25339359.0,57913532.0,362.0,34713835.0,7894570.0
Líderes Mundiais,Narendra Modi,1,19,43387498.0,2528896.0,400407.0,55.0,,,,,45310374.0,357.0,5396775.0,1212136.0
Líderes Mundiais,Jair Bolsonaro,1,19,9208943.0,10498746.0,743907.0,131.0,10095461.0,1908761.0,111.0,75975846.0,3224983.0,288.0,9514517.0,1304953.0
Líderes Mundiais,Erdogan,1,19,9020991.0,325933.0,87889.0,42.0,,51449.0,4.0,1977689.0,13418237.0,68.0,909028.0,226385.0
Líderes Mundiais,Obrador,1,19,5346470.0,1996669.0,857605.0,63.0,,17979.0,7.0,376118.0,5179546.0,61.0,645979.0,172491.0
Líderes Mundiais,Rody Duterte,1,19,4335738.0,4096.0,1419.0,1.0,,,,,180111.0,0.0,0.0,0.0
Líderes Mundiais,Cristina Kirchner,1,19,2422976.0,14189.0,1908.0,2.0,,2978.0,1.0,37053.0,5343416.0,3.0,35653.0,17260.0
Líderes Mundiais,Piñera,1,19,493532.0,47683.0,10912.0,38.0,345029.0,20241.0,33.0,355573.0,2174047.0,39.0,236699.0,106422.0
Líderes Mundiais,Matteo Salvini,1,19,3433371.0,7666040.0,1657763.0,418.0,1197035.0,651832.0,321.0,13409733.0,972383.0,692.0,1456857.0,293976.0
Líderes Mundiais,Emmanuel Macron,1,19,2383139.0,120233.0,46046.0,33.0,1314114.0,10556.0,4.0,216666.0,3647690.0,49.0,361326.0,105809.0
Líderes Mundiais,Lacalle Pou,1,19,118653.0,10749.0,2002.0,30.0,13917.0,662.0,9.0,13839.0,117567.0,95.0,17582.0,6510.0
Líderes Mundiais,Benjamin Netanyahu,1,19,2386417.0,646700.0,91420.0,140.0,514101.0,94627.0,112.0,1748043.0,1496953.0,160.0,582332.0,112091.0
Líderes Mundiais,Justin Trudeau,1,19,6475872.0,316209.0,77511.0,52.0,,,,,4442660.0,319.0,261263.0,67253.0
Líderes Mundiais,Giuseppe Conte,1,19,843964.0,379069.0,90502.0,65.0,,,,,187187.0,32.0,35874.0,8481.0
Líderes Mundiais,Nicolás Maduro,1,19,747103.0,353282.0,302122.0,214.0,534383.0,123278.0,109.0,799464.0,3513948.0,452.0,947087.0,900176.0
Líderes Mundiais,Iván Duque,1,19,902239.0,106887.0,17578.0,103.0,527849.0,10630.0,21.0,284624.0,732419.0,216.0,389894.0,172996.0
Líderes Mundiais,Evo Morales,1,19,508547.0,61827.0,21016.0,33.0,31543.0,1575.0,15.0,8460.0,485696.0,508.0,483952.0,275816.0
Líderes Mundiais,Scott Morrison,1,19,116396.0,60772.0,15765.0,51.0,28354.0,2725.0,25.0,56001.0,125384.0,54.0,24834.0,4626.0
Líderes Mundiais,Boris Johnson,1,19,557848.0,15683.0,3826.0,6.0,,,,,515022.0,18.0,40480.0,12637.0
Líderes Mundiais,Alberto Fernández,1,19,,4712.0,398.0,52.0,,264.0,7.0,6553.0,,0.0,0.0,0.0
Líderes Mundiais,Pedro Sánchez,1,19,245052.0,28240.0,7388.0,41.0,,,,,968466.0,137.0,166334.0,71679.0
Líderes Mundiais,Viktor Orbán,1,19,643850.0,66478.0,7012.0,14.0,,,,,36288.0,0.0,0.0,0.0
Líderes Mundiais,Donald Trump,2,19,23844776.0,4030070.0,664788.0,117.0,,483567.0,70.0,17937311.0,58724083.0,244.0,22754219.0,5091324.0
Líderes Mundiais,Narendra Modi,2,19,43518233.0,4249039.0,621870.0,56.0,,,,,46032407.0,256.0,5386468.0,1459333.0
Líderes Mundiais,Jair Bolsonaro,2,19,9317236.0,7154090.0,802611.0,120.0,10701030.0,1259026.0,99.0,36429265.0,3419546.0,215.0,5506178.0,744855.0
Líderes Mundiais,Erdogan,2,19,9009390.0,407837.0,99033.0,44.0,,69945.0,3.0,1642962.0,13461316.0,61.0,769700.0,170859.0
Líderes Mundiais,Obrador,2,19,5655162.0,1964564.0,637299.0,63.0,,7500.0,6.0,248474.0,5303268.0,62.0,579632.0,150506.0
Líderes Mundiais,Lacalle Pou,2,19,119432.0,19864.0,1754.0,94.0,15771.0,1411.0,87.0,63879.0,118892.0,129.0,22561.0,8486.0
Líderes Mundiais,Cristina Kirchner,2,19,2431566.0,132837.0,22857.0,8.0,,22280.0,6.0,347307.0,5355622.0,14.0,226685.0,73210.0
Líderes Mundiais,Piñera,2,19,500286.0,60279.0,15916.0,26.0,373177.0,21542.0,20.0,355676.0,2192805.0,47.0,294133.0,125455.0
Líderes Mundiais,Matteo Salvini,2,19,3496961.0,6269205.0,1081323.0,415.0,1296194.0,429165.0,282.0,10678639.0,994228.0,609.0,1006962.0,182172.0
Líderes Mundiais,Evo Morales,2,19,512992.0,55125.0,8611.0,37.0,33776.0,0.0,0.0,0.0,503123.0,316.0,361524.0,226067.0
Líderes Mundiais,Emmanuel Macron,2,19,2383649.0,91994.0,32399.0,36.0,1316204.0,7947.0,5.0,188771.0,3715364.0,56.0,201787.0,60966.0
Líderes Mundiais,Benjamin Netanyahu,2,19,2395269.0,925190.0,203882.0,166.0,545472.0,75475.0,124.0,1343927.0,1518646.0,154.0,371594.0,77250.0
Líderes Mundiais,Nicolás Maduro,2,19,813436.0,479191.0,333480.0,221.0,573506.0,113580.0,131.0,707169.0,3564459.0,528.0,925625.0,876299.0
Líderes Mundiais,Viktor Orbán,2,19,644654.0,100557.0,6534.0,22.0,,,,,36309.0,0.0,0.0,0.0
Líderes Mundiais,Iván Duque,2,19,904782.0,129822.0,19476.0,120.0,594592.0,17867.0,36.0,621378.0,804458.0,251.0,476852.0,220616.0
Líderes Mundiais,Justin Trudeau,2,19,6470315.0,298114.0,56572.0,57.0,,,,,4459138.0,284.0,206764.0,41193.0
Líderes Mundiais,Giuseppe Conte,2,19,856695.0,391853.0,74722.0,78.0,,,,,200435.0,41.0,73679.0,19062.0
Líderes Mundiais,Scott Morrison,2,19,132921.0,78093.0,18601.0,58.0,31152.0,2392.0,25.0,38725.0,129960.0,75.0,28356.0,6345.0
Líderes Mundiais,Boris Johnson,2,19,556618.0,18459.0,4988.0,4.0,,,,,521072.0,25.0,62941.0,15789.0
Líderes Mundiais,Alberto Fernández,2,19,,4005.0,270.0,23.0,,139.0,3.0,3416.0,,0.0,0.0,0.0
Líderes Mundiais,Pedro Sánchez,2,19,247392.0,54556.0,12520.0,48.0,,,,,987277.0,155.0,258615.0,111352.0
Líderes Mundiais,Rody Duterte,2,19,4335811.0,0.0,0.0,0.0,,,,,180845.0,1.0,512.0,100.0
Líderes Mundiais,Donald Trump,3,19,23903763.0,6548105.0,868095.0,193.0,,457952.0,80.0,17148310.0,59459134.0,397.0,28322355.0,6520418.0
Líderes Mundiais,Jair Bolsonaro,3,19,9398728.0,7758416.0,1046850.0,136.0,11244755.0,952693.0,113.0,31742582.0,3873295.0,243.0,8150545.0,1211396.0
Líderes Mundiais,Narendra Modi,3,19,43573686.0,3996454.0,591659.0,54.0,,,,,46676996.0,416.0,10065175.0,2469110.0
Líderes Mundiais,Erdogan,3,19,9027545.0,1584170.0,407525.0,121.0,,122463.0,7.0,3787984.0,13559713.0,156.0,2270654.0,506453.0
Líderes Mundiais,Obrador,3,19,5747934.0,1365050.0,474037.0,63.0,,4378.0,3.0,117858.0,5411094.0,57.0,436219.0,122104.0
Líderes Mundiais,Lacalle Pou,3,19,120129.0,18747.0,3623.0,58.0,18600.0,2181.0,61.0,64162.0,120863.0,123.0,34576.0,11047.0
Líderes Mundiais,Cristina Kirchner,3,19,2442817.0,146936.0,25825.0,10.0,,3577.0,2.0,121106.0,5380791.0,22.0,325085.0,102417.0
Líderes Mundiais,Rody Duterte,3,19,4340820.0,30068.0,4755.0,2.0,,,,,181714.0,1.0,188.0,38.0
Líderes Mundiais,Viktor Orbán,3,19,647365.0,141359.0,7720.0,24.0,,,,,36472.0,0.0,0.0,0.0
Líderes Mundiais,Matteo Salvini,3,19,3547421.0,7481765.0,1563176.0,454.0,1375930.0,579969.0,338.0,12387288.0,1014852.0,546.0,1086356.0,204059.0
Líderes Mundiais,Giuseppe Conte,3,19,873018.0,755125.0,98160.0,102.0,,,,,210234.0,66.0,77755.0,18712.0
Líderes Mundiais,Evo Morales,3,19,515938.0,62947.0,12246.0,49.0,35436.0,0.0,0.0,0.0,516118.0,352.0,201458.0,120681.0
Líderes Mundiais,Benjamin Netanyahu,3,19,2408581.0,1103426.0,225536.0,171.0,583882.0,127342.0,143.0,1706743.0,1540580.0,179.0,410853.0,77400.0
Líderes Mundiais,Nicolás Maduro,3,19,833730.0,332996.0,173301.0,161.0,588964.0,83506.0,102.0,446913.0,3589581.0,429.0,734811.0,671421.0
Líderes Mundiais,Iván Duque,3,19,904840.0,95034.0,15092.0,123.0,604630.0,4915.0,18.0,142939.0,835238.0,220.0,249016.0,102896.0
Líderes Mundiais,Piñera,3,19,500297.0,41729.0,9792.0,35.0,385579.0,15903.0,31.0,268891.0,2205729.0,49.0,95797.0,36529.0
Líderes Mundiais,Emmanuel Macron,3,19,2397072.0,111900.0,47385.0,40.0,1321912.0,9748.0,10.0,266141.0,3787532.0,103.0,287769.0,73562.0
Líderes Mundiais,Justin Trudeau,3,19,6485165.0,422752.0,88973.0,86.0,,,,,4478631.0,462.0,421950.0,76701.0
Líderes Mundiais,Scott Morrison,3,19,145021.0,88005.0,23954.0,60.0,36401.0,3974.0,29.0,64413.0,139676.0,80.0,57798.0,15296.0
Líderes Mundiais,Pedro Sánchez,3,19,248400.0,56718.0,8143.0,83.0,,,,,994750.0,237.0,207080.0,92111.0
Líderes Mundiais,Boris Johnson,3,19,556050.0,14537.0,7895.0,5.0,,,,,536436.0,20.0,54244.0,15958.0
Líderes Mundiais,Alberto Fernández,3,19,,5681.0,380.0,43.0,,368.0,8.0,9756.0,,0.0,0.0,0.0
Líderes Mundiais,Narendra Modi,4,19,43715426.0,7269730.0,952016.0,84.0,,,,,47073379.0,482.0,9461748.0,2347624.0
Líderes Mundiais,Donald Trump,4,19,23945522.0,5756612.0,884762.0,209.0,,438623.0,90.0,17187056.0,59943569.0,423.0,30761117.0,7198378.0
Líderes Mundiais,Erdogan,4,19,9019140.0,516923.0,64847.0,44.0,,36119.0,2.0,1241107.0,13685905.0,69.0,1493329.0,270460.0
Líderes Mundiais,Jair Bolsonaro,4,19,9440085.0,7879525.0,889009.0,157.0,11592678.0,1014510.0,137.0,36713160.0,4117303.0,236.0,7762295.0,1100224.0
Líderes Mundiais,Cristina Kirchner,4,19,2450399.0,138878.0,21412.0,7.0,,19672.0,4.0,288021.0,5399360.0,14.0,231932.0,78789.0
Líderes Mundiais,Obrador,4,19,5811758.0,1162514.0,419776.0,60.0,,4732.0,2.0,98290.0,5523551.0,56.0,656205.0,180662.0
Líderes Mundiais,Rody Duterte,4,19,4338063.0,7075.0,1953.0,1.0,,,,,183013.0,0.0,0.0,0.0
Líderes Mundiais,Lacalle Pou,4,19,120779.0,24216.0,5905.0,42.0,21326.0,1151.0,35.0,40743.0,122824.0,106.0,11583.0,4520.0
Líderes Mundiais,Benjamin Netanyahu,4,19,2431080.0,1182833.0,297803.0,125.0,640334.0,144759.0,94.0,1875123.0,1568488.0,129.0,513953.0,96147.0
Líderes Mundiais,Piñera,4,19,500564.0,56317.0,11469.0,35.0,399863.0,20215.0,30.0,390545.0,2213275.0,34.0,86120.0,35359.0
Líderes Mundiais,Viktor Orbán,4,19,648129.0,175344.0,9051.0,29.0,,,,,36554.0,0.0,0.0,0.0
Líderes Mundiais,Matteo Salvini,4,19,3579677.0,7450035.0,1238135.0,464.0,1454041.0,525565.0,359.0,13251252.0,1039272.0,663.0,1152852.0,212915.0
Líderes Mundiais,Iván Duque,4,19,905325.0,121482.0,16791.0,131.0,609334.0,5811.0,27.0,188031.0,855151.0,431.0,337249.0,137173.0
Líderes Mundiais,Nicolás Maduro,4,19,842008.0,240463.0,101009.0,147.0,600043.0,30872.0,73.0,261924.0,3612711.0,331.0,584819.0,576380.0
Líderes Mundiais,Emmanuel Macron,4,19,2408854.0,159698.0,64993.0,43.0,1339163.0,12983.0,16.0,287938.0,3892942.0,71.0,608636.0,164549.0
Líderes Mundiais,Evo Morales,4,19,521532.0,88469.0,15150.0,49.0,37593.0,0.0,0.0,0.0,530860.0,338.0,253920.0,143914.0
Líderes Mundiais,Scott Morrison,4,19,154205.0,194276.0,39553.0,104.0,42759.0,4496.0,32.0,77400.0,144391.0,104.0,37358.0,8096.0
Líderes Mundiais,Giuseppe Conte,4,19,884407.0,586550.0,60346.0,100.0,,,,,219825.0,64.0,57334.0,12511.0
Líderes Mundiais,Justin Trudeau,4,19,6481702.0,457830.0,115961.0,106.0,,,,,4485449.0,521.0,366271.0,66887.0
Líderes Mundiais,Pedro Sánchez,4,19,258286.0,147011.0,23999.0,120.0,,,,,1028963.0,280.0,365162.0,145279.0
Líderes Mundiais,Boris Johnson,4,19,557491.0,69278.0,77001.0,14.0,,,,,550471.0,35.0,100194.0,26701.0
Líderes Mundiais,Alberto Fernández,4,19,,6384.0,444.0,32.0,,303.0,4.0,11915.0,,89.0,18235.0,9479.0
Líderes Mundiais,Narendra Modi,5,19,44025404.0,12131374.0,1497552.0,66.0,,,,,47710269.0,443.0,13451808.0,2395317.0
Líderes Mundiais,Jair Bolsonaro,5,19,9516490.0,11696094.0,1072347.0,156.0,12017640.0,1194425.0,117.0,43284467.0,4382774.0,249.0,8612807.0,1228347.0
Líderes Mundiais,Donald Trump,5,19,23993806.0,7000039.0,1044027.0,217.0,,359488.0,104.0,18234100.0,60718824.0,666.0,33086720.0,7685815.0
Líderes Mundiais,Erdogan,5,19,9007920.0,939654.0,145035.0,73.0,,132029.0,11.0,5086843.0,13780496.0,119.0,1822435.0,391139.0
Líderes Mundiais,Obrador,5,19,5873969.0,1475158.0,425992.0,64.0,,5066.0,3.0,111273.0,5616755.0,59.0,598013.0,168316.0
Líderes Mundiais,Cristina Kirchner,5,19,2481274.0,436865.0,91628.0,23.0,,31447.0,10.0,919099.0,5436379.0,41.0,556095.0,167715.0
Líderes Mundiais,Lacalle Pou,5,19,121593.0,29601.0,2846.0,76.0,23591.0,1265.0,86.0,76966.0,124542.0,179.0,19902.0,6949.0
Líderes Mundiais,Giuseppe Conte,5,19,892515.0,549947.0,63908.0,77.0,,,,,229993.0,55.0,41941.0,10045.0
Líderes Mundiais,Justin Trudeau,5,19,6617977.0,1081821.0,127329.0,119.0,,,,,4497498.0,613.0,463785.0,77676.0
Líderes Mundiais,Iván Duque,5,19,905677.0,181302.0,24227.0,151.0,614298.0,9057.0,38.0,282987.0,881353.0,387.0,256739.0,107205.0
Líderes Mundiais,Matteo Salvini,5,19,3652647.0,10877195.0,2116699.0,755.0,1559708.0,767714.0,566.0,18890048.0,1063961.0,1541.0,1941373.0,455006.0
Líderes Mundiais,Scott Morrison,5,19,173128.0,330137.0,61038.0,122.0,56837.0,8725.0,30.0,134266.0,162607.0,78.0,78898.0,16438.0
Líderes Mundiais,Evo Morales,5,19,530339.0,97058.0,23569.0,42.0,38960.0,0.0,0.0,0.0,545080.0,351.0,196237.0,110386.0
Líderes Mundiais,Nicolás Maduro,5,19,859834.0,383915.0,161833.0,194.0,612382.0,55164.0,111.0,484359.0,3632850.0,326.0,809083.0,729601.0
Líderes Mundiais,Benjamin Netanyahu,5,19,2435349.0,385420.0,48337.0,69.0,663084.0,65267.0,63.0,1130167.0,1607042.0,69.0,585914.0,131622.0
Líderes Mundiais,Viktor Orbán,5,19,652782.0,401652.0,23164.0,60.0,,,,,36651.0,0.0,0.0,0.0
Líderes Mundiais,Emmanuel Macron,5,19,2416386.0,96554.0,20193.0,35.0,1347885.0,2906.0,3.0,97885.0,3955727.0,83.0,200196.0,44059.0
Líderes Mundiais,Alberto Fernández,5,19,38208.0,67501.0,5194.0,145.0,,3025.0,6.0,93828.0,157567.0,203.0,204024.0,53904.0
Líderes Mundiais,Piñera,5,19,500695.0,53043.0,14971.0,39.0,409790.0,16261.0,30.0,254917.0,2218993.0,42.0,92681.0,34367.0
Líderes Mundiais,Pedro Sánchez,5,19,261998.0,120260.0,18771.0,91.0,,,,,1045460.0,196.0,247990.0,83511.0
Líderes Mundiais,Boris Johnson,5,19,557828.0,12210.0,8615.0,9.0,,,,,572189.0,36.0,77144.0,14938.0
Líderes Mundiais,Rody Duterte,5,19,4344431.0,0.0,0.0,0.0,,,,,183975.0,0.0,0.0,0.0
Líderes Mundiais,Narendra Modi,6,19,44090172.0,4773983.0,254243.0,30.0,,,,,48339958.0,293.0,6157253.0,925894.0
Líderes Mundiais,Donald Trump,6,19,24166847.0,11238465.0,1541486.0,262.0,,490186.0,80.0,20190630.0,61595929.0,458.0,29814572.0,6636976.0
Líderes Mundiais,Jair Bolsonaro,6,19,9600798.0,12270118.0,1046825.0,137.0,12586291.0,1139525.0,114.0,43293012.0,4598907.0,174.0,7084060.0,972697.0
Líderes Mundiais,Erdogan,6,19,9297667.0,994545.0,163624.0,56.0,,96626.0,7.0,3628052.0,13899433.0,93.0,1611812.0,321930.0
Líderes Mundiais,Obrador,6,19,5969889.0,1996782.0,442136.0,66.0,,12271.0,8.0,313689.0,5738722.0,57.0,700962.0,191291.0
Líderes Mundiais,Cristina Kirchner,6,19,2493943.0,314640.0,73116.0,24.0,,20255.0,11.0,617508.0,5459043.0,31.0,428427.0,143206.0
Líderes Mundiais,Scott Morrison,6,19,180368.0,62361.0,6126.0,15.0,61818.0,2855.0,11.0,60751.0,178837.0,24.0,134735.0,24376.0
Líderes Mundiais,Lacalle Pou,6,19,123413.0,51891.0,5777.0,72.0,28656.0,2306.0,67.0,85331.0,128310.0,207.0,39496.0,13204.0
Líderes Mundiais,Justin Trudeau,6,19,6697896.0,1230992.0,112559.0,114.0,,,,,4526272.0,495.0,700791.0,112754.0
Líderes Mundiais,Evo Morales,6,19,534797.0,66649.0,6827.0,31.0,39999.0,0.0,0.0,0.0,554844.0,341.0,146958.0,86369.0
Líderes Mundiais,Matteo Salvini,6,19,3683922.0,7437592.0,1794416.0,457.0,1609203.0,709649.0,387.0,13768132.0,1081780.0,794.0,1147776.0,208355.0
Líderes Mundiais,Alberto Fernández,6,19,67743.0,144681.0,16969.0,36.0,150934.0,14689.0,22.0,465961.0,182395.0,70.0,544519.0,155598.0
Líderes Mundiais,Nicolás Maduro,6,19,863601.0,224358.0,51459.0,161.0,614362.0,21417.0,81.0,265642.0,3636676.0,265.0,478750.0,535319.0
Líderes Mundiais,Giuseppe Conte,6,19,909102.0,612830.0,87993.0,87.0,,,,,238206.0,49.0,42863.0,9321.0
Líderes Mundiais,Emmanuel Macron,6,19,2418895.0,119724.0,18284.0,48.0,1372190.0,7290.0,8.0,244748.0,4001475.0,72.0,175875.0,38479.0
Líderes Mundiais,Piñera,6,19,501560.0,66229.0,23395.0,36.0,422440.0,17179.0,32.0,307042.0,2227851.0,39.0,91837.0,30218.0
Líderes Mundiais,Benjamin Netanyahu,6,19,2435943.0,375112.0,67597.0,81.0,673388.0,67608.0,67.0,817325.0,1620161.0,76.0,247330.0,43249.0
Líderes Mundiais,Iván Duque,6,19,905577.0,193267.0,21610.0,136.0,620441.0,10410.0,38.0,337263.0,898536.0,388.0,254672.0,97776.0
Líderes Mundiais,Boris Johnson,6,19,563696.0,172608.0,34722.0,39.0,,,,,617258.0,95.0,225302.0,50295.0
Líderes Mundiais,Viktor Orbán,6,19,651729.0,115787.0,5616.0,16.0,,,,,36699.0,0.0,0.0,0.0
Líderes Mundiais,Pedro Sánchez,6,19,263160.0,68340.0,9197.0,44.0,,,,,1054193.0,150.0,194966.0,60821.0
Líderes Mundiais,Rody Duterte,6,19,4337984.0,0.0,0.0,0.0,,,,,184218.0,0.0,0.0,0.0
Líderes Mundiais,Donald Trump,7,19,24251819.0,12647231.0,1430238.0,299.0,,474875.0,68.0,18731903.0,62488586.0,669.0,45252426.0,10021327.0
Líderes Mundiais,Jair Bolsonaro,7,19,9683638.0,13175758.0,1270606.0,175.0,13231858.0,1437076.0,117.0,50892184.0,4795805.0,190.0,8066733.0,1070758.0
Líderes Mundiais,Narendra Modi,7,19,44131780.0,4126908.0,223373.0,21.0,,,,,48928856.0,117.0,4429547.0,659604.0
Líderes Mundiais,Erdogan,7,19,9298215.0,739321.0,74235.0,34.0,,71424.0,6.0,3394655.0,13966437.0,35.0,677346.0,140541.0
Líderes Mundiais,Obrador,7,19,6037811.0,1797468.0,454323.0,72.0,,7690.0,4.0,167640.0,5839858.0,57.0,627304.0,183926.0
Líderes Mundiais,Lacalle Pou,7,19,124210.0,20672.0,2796.0,12.0,32232.0,1683.0,7.0,32619.0,131687.0,48.0,27332.0,7447.0
Líderes Mundiais,Cristina Kirchner,7,19,2503693.0,373472.0,82263.0,34.0,,14024.0,10.0,456254.0,5476173.0,64.0,401815.0,148664.0
Líderes Mundiais,Matteo Salvini,7,19,3742092.0,9071410.0,2368399.0,467.0,1690785.0,1057696.0,417.0,17261761.0,1103385.0,661.0,1465985.0,285034.0
Líderes Mundiais,Evo Morales,7,19,542494.0,133405.0,20719.0,52.0,41924.0,813.0,10.0,23623.0,564386.0,315.0,180491.0,99551.0
Líderes Mundiais,Alberto Fernández,7,19,110769.0,671416.0,122420.0,77.0,242291.0,22710.0,62.0,939270.0,228144.0,160.0,775801.0,285824.0
Líderes Mundiais,Nicolás Maduro,7,19,868662.0,288052.0,54632.0,218.0,,25228.0,117.0,347492.0,3645181.0,348.0,573395.0,698993.0
Líderes Mundiais,Emmanuel Macron,7,19,2442530.0,237685.0,40044.0,35.0,1393123.0,19760.0,11.0,558434.0,4049839.0,62.0,239092.0,65532.0
Líderes Mundiais,Viktor Orbán,7,19,652109.0,182201.0,9025.0,28.0,,,,,36768.0,0.0,0.0,0.0
Líderes Mundiais,Boris Johnson,7,19,602526.0,180166.0,43868.0,47.0,,,,,814772.0,72.0,271773.0,55501.0
Líderes Mundiais,Benjamin Netanyahu,7,19,2436094.0,761850.0,168227.0,143.0,682511.0,77598.0,122.0,1351182.0,1633848.0,187.0,359693.0,68553.0
Líderes Mundiais,Justin Trudeau,7,19,6703772.0,554819.0,69268.0,101.0,,,,,4536076.0,416.0,259290.0,43081.0
Líderes Mundiais,Iván Duque,7,19,905199.0,214400.0,30166.0,112.0,626862.0,10129.0,34.0,280795.0,911936.0,304.0,229933.0,95851.0
Líderes Mundiais,Scott Morrison,7,19,186854.0,91015.0,12001.0,31.0,65259.0,3615.0,21.0,74408.0,184037.0,51.0,30876.0,4549.0
Líderes Mundiais,Piñera,7,19,502930.0,60802.0,19327.0,43.0,435705.0,20089.0,33.0,275282.0,2234223.0,45.0,66048.0,21841.0
Líderes Mundiais,Giuseppe Conte,7,19,916330.0,543588.0,74656.0,69.0,,,,,246545.0,43.0,38961.0,8529.0
Líderes Mundiais,Pedro Sánchez,7,19,264291.0,54645.0,16502.0,31.0,,,,,1064208.0,112.0,138989.0,49900.0
Líderes Mundiais,Rody Duterte,7,19,4338963.0,0.0,0.0,0.0,,,,,184402.0,0.0,0.0,0.0
Líderes Mundiais,Jair Bolsonaro,8,19,9792575.0,14316558.0,1663992.0,184.0,13697773.0,1185121.0,96.0,31336191.0,5029107.0,170.0,6990574.0,1103009.0
Líderes Mundiais,Donald Trump,8,19,24350688.0,14735355.0,1839476.0,323.0,,471088.0,59.0,15490923.0,63780909.0,675.0,34844826.0,7875433.0
Líderes Mundiais,Narendra Modi,8,19,44236611.0,5799854.0,533175.0,22.0,,,,,49725377.0,287.0,9229123.0,1418024.0
Líderes Mundiais,Erdogan,8,19,9282990.0,701848.0,84688.0,39.0,,74124.0,9.0,4566667.0,14036471.0,47.0,770745.0,150230.0
Líderes Mundiais,Lacalle Pou,8,19,124864.0,49591.0,6061.0,49.0,33809.0,1626.0,43.0,63159.0,134336.0,176.0,37830.0,11931.0
Líderes Mundiais,Cristina Kirchner,8,19,2539816.0,579730.0,144106.0,23.0,866494.0,49282.0,12.0,1061690.0,5520640.0,47.0,500632.0,150438.0
Líderes Mundiais,Obrador,8,19,6090240.0,1934014.0,386317.0,79.0,,6862.0,6.0,208606.0,5936560.0,63.0,635898.0,176849.0
Líderes Mundiais,Giuseppe Conte,8,19,1063383.0,1235160.0,330373.0,31.0,,,,,269649.0,15.0,40216.0,8168.0
Líderes Mundiais,Matteo Salvini,8,19,3762232.0,10256931.0,3511769.0,353.0,1773587.0,1132182.0,317.0,14496453.0,1138974.0,474.0,1485356.0,288184.0
Líderes Mundiais,Emmanuel Macron,8,19,2486241.0,185881.0,123127.0,31.0,1459501.0,115485.0,8.0,577564.0,4144137.0,49.0,389468.0,115440.0
Líderes Mundiais,Alberto Fernández,8,19,186299.0,534967.0,82214.0,48.0,409786.0,40438.0,38.0,1322995.0,337842.0,143.0,855309.0,238382.0
Líderes Mundiais,Iván Duque,8,19,907064.0,272337.0,43062.0,125.0,632881.0,10092.0,36.0,186749.0,933509.0,335.0,248746.0,102581.0
Líderes Mundiais,Nicolás Maduro,8,19,874873.0,433331.0,66878.0,238.0,631864.0,22512.0,189.0,416205.0,3657945.0,371.0,564383.0,688357.0
Líderes Mundiais,Rody Duterte,8,19,4338064.0,6358.0,1541.0,1.0,,,,,184325.0,0.0,0.0,0.0
Líderes Mundiais,Benjamin Netanyahu,8,19,2473382.0,827817.0,172110.0,128.0,696985.0,85067.0,112.0,1298237.0,1668173.0,151.0,545037.0,102533.0
Líderes Mundiais,Justin Trudeau,8,19,6758567.0,1025940.0,115390.0,101.0,,,,,4565451.0,434.0,522424.0,99989.0
Líderes Mundiais,Piñera,8,19,503749.0,79550.0,17634.0,42.0,447014.0,21381.0,38.0,339565.0,2242759.0,41.0,43168.0,14643.0
Líderes Mundiais,Boris Johnson,8,19,633865.0,371127.0,77734.0,69.0,,,,,985444.0,156.0,1139181.0,220429.0
Líderes Mundiais,Evo Morales,8,19,571181.0,351857.0,70251.0,78.0,55903.0,10017.0,24.0,67679.0,581699.0,362.0,290140.0,158071.0
Líderes Mundiais,Scott Morrison,8,19,192781.0,120342.0,18669.0,39.0,69238.0,2018.0,11.0,45527.0,190876.0,49.0,35196.0,5129.0
Líderes Mundiais,Viktor Orbán,8,19,652064.0,59248.0,3191.0,9.0,,,,,36778.0,0.0,0.0,0.0
Líderes Mundiais,Pedro Sánchez,8,19,265169.0,75614.0,18260.0,46.0,,,,,1075569.0,104.0,151626.0,44340.0
Líderes Mundiais,Narendra Modi,9,19,44354140.0,4667415.0,541554.0,23.0,,,,,50498447.0,399.0,9933003.0,1510326.0
Líderes Mundiais,Donald Trump,9,19,24420035.0,15199694.0,1946072.0,375.0,,521331.0,86.0,21198059.0,65065318.0,787.0,34254953.0,8162434.0
Líderes Mundiais,Jair Bolsonaro,9,19,9829708.0,12038586.0,1453111.0,155.0,13981109.0,783509.0,83.0,22878631.0,5192838.0,197.0,5492225.0,895187.0
Líderes Mundiais,Erdogan,9,19,9268546.0,1532092.0,112502.0,89.0,,108677.0,21.0,7900506.0,14114315.0,92.0,1352885.0,275706.0
Líderes Mundiais,Cristina Kirchner,9,19,2542746.0,175472.0,42499.0,11.0,887877.0,6776.0,5.0,267415.0,5540633.0,22.0,172472.0,54097.0
Líderes Mundiais,Obrador,9,19,6189849.0,1887466.0,438482.0,65.0,,9170.0,4.0,245139.0,6043122.0,52.0,520916.0,145341.0
Líderes Mundiais,Iván Duque,9,19,906919.0,182059.0,27290.0,106.0,639516.0,8053.0,35.0,187025.0,957036.0,339.0,243894.0,109078.0
Líderes Mundiais,Boris Johnson,9,19,725736.0,957364.0,213425.0,105.0,,,,,1110487.0,171.0,1332962.0,282417.0
Líderes Mundiais,Lacalle Pou,9,19,125962.0,41732.0,4531.0,72.0,36068.0,1136.0,55.0,64661.0,136886.0,147.0,38388.0,13026.0
Líderes Mundiais,Nicolás Maduro,9,19,879274.0,282724.0,53212.0,143.0,640069.0,22323.0,106.0,317758.0,3668326.0,337.0,451107.0,522086.0
Líderes Mundiais,Matteo Salvini,9,19,3789002.0,10665484.0,2700713.0,553.0,1814885.0,898295.0,492.0,16215818.0,1151211.0,1112.0,1836503.0,375604.0
Líderes Mundiais,Alberto Fernández,9,19,198704.0,413282.0,53846.0,43.0,452317.0,15597.0,34.0,729143.0,370005.0,104.0,504206.0,155547.0
Líderes Mundiais,Piñera,9,19,505163.0,69146.0,13385.0,36.0,455647.0,17909.0,31.0,367007.0,2249124.0,36.0,51035.0,15718.0
Líderes Mundiais,Emmanuel Macron,9,19,2494035.0,138679.0,34533.0,25.0,1478548.0,17969.0,4.0,237531.0,4202113.0,64.0,354623.0,113678.0
Líderes Mundiais,Benjamin Netanyahu,9,19,2483213.0,1343731.0,389618.0,184.0,726555.0,106629.0,123.0,1782485.0,1682500.0,242.0,384109.0,62139.0
Líderes Mundiais,Justin Trudeau,9,19,6756334.0,1072023.0,184410.0,180.0,,,,,4591558.0,497.0,787375.0,124470.0
Líderes Mundiais,Scott Morrison,9,19,199740.0,197065.0,37614.0,61.0,75969.0,12814.0,32.0,143085.0,200569.0,53.0,96227.0,18915.0
Líderes Mundiais,Evo Morales,9,19,581474.0,265844.0,41758.0,97.0,62610.0,2086.0,21.0,53980.0,596287.0,338.0,262554.0,145733.0
Líderes Mundiais,Giuseppe Conte,9,19,1061365.0,862664.0,350590.0,82.0,,,,,285231.0,38.0,49831.0,9262.0
Líderes Mundiais,Viktor Orbán,9,19,652229.0,154702.0,7508.0,26.0,,,,,36778.0,0.0,0.0,0.0
Líderes Mundiais,Pedro Sánchez,9,19,266133.0,61358.0,24382.0,54.0,,,,,1084590.0,193.0,159492.0,58475.0
Líderes Mundiais,Rody Duterte,9,19,4334871.0,0.0,0.0,0.0,,,,,184088.0,0.0,0.0,0.0
Líderes Mundiais,Narendra Modi,10,19,44463365.0,7742435.0,458704.0,31.0,,,,,51043131.0,362.0,7358943.0,1195830.0
Líderes Mundiais,Donald Trump,10,19,24574360.0,21429463.0,2978537.0,474.0,,652947.0,64.0,21518518.0,66436006.0,1006.0,45428961.0,11469943.0
Líderes Mundiais,Jair Bolsonaro,10,19,9885973.0,16528232.0,1659672.0,218.0,14227102.0,680817.0,106.0,21783896.0,5343427.0,346.0,6976942.0,1303458.0
Líderes Mundiais,Erdogan,10,19,9267703.0,1388323.0,198426.0,68.0,,158840.0,14.0,6099655.0,14310901.0,90.0,1796348.0,415801.0
Líderes Mundiais,Cristina Kirchner,10,19,2561929.0,507713.0,136905.0,27.0,986100.0,45506.0,20.0,1599913.0,5597645.0,56.0,706361.0,207506.0
Líderes Mundiais,Obrador,10,19,6240951.0,1894985.0,410894.0,64.0,,1235.0,1.0,48043.0,6164530.0,70.0,654713.0,177327.0
Líderes Mundiais,Alberto Fernández,10,19,283375.0,1353686.0,247740.0,86.0,695926.0,88408.0,51.0,2863122.0,534870.0,175.0,1812817.0,444827.0
Líderes Mundiais,Matteo Salvini,10,19,3824531.0,9196103.0,2062476.0,606.0,1851621.0,726595.0,534.0,15729934.0,1161644.0,1220.0,1472199.0,285789.0
Líderes Mundiais,Justin Trudeau,10,19,6793479.0,1996207.0,278340.0,264.0,,,,,4633064.0,775.0,987856.0,178399.0
Líderes Mundiais,Nicolás Maduro,10,19,883778.0,379468.0,56193.0,200.0,647710.0,23678.0,129.0,376546.0,3681576.0,505.0,564300.0,635616.0
Líderes Mundiais,Emmanuel Macron,10,19,2504262.0,138750.0,55077.0,32.0,1492047.0,14909.0,3.0,75152.0,4267802.0,81.0,198244.0,49304.0
Líderes Mundiais,Benjamin Netanyahu,10,19,2482483.0,732839.0,87373.0,87.0,736371.0,36455.0,48.0,820957.0,1698691.0,98.0,319580.0,59140.0
Líderes Mundiais,Lacalle Pou,10,19,131305.0,105398.0,18963.0,76.0,51336.0,4891.0,53.0,110366.0,147739.0,213.0,96134.0,33015.0
Líderes Mundiais,Iván Duque,10,19,907186.0,170982.0,28739.0,98.0,642831.0,9662.0,31.0,179475.0,986007.0,284.0,137721.0,51652.0
Líderes Mundiais,Evo Morales,10,19,642585.0,777113.0,280427.0,141.0,76392.0,11193.0,95.0,175402.0,627295.0,263.0,437511.0,214645.0
Líderes Mundiais,Piñera,10,19,510842.0,84809.0,91535.0,44.0,510513.0,273295.0,32.0,524559.0,2326753.0,66.0,247293.0,78028.0
Líderes Mundiais,Boris Johnson,10,19,743803.0,737217.0,168326.0,131.0,,,,,1208944.0,209.0,987665.0,198361.0
Líderes Mundiais,Scott Morrison,10,19,210779.0,113938.0,22235.0,49.0,81161.0,3800.0,24.0,72694.0,208989.0,35.0,48858.0,10195.0
Líderes Mundiais,Viktor Orbán,10,19,657914.0,291199.0,13548.0,33.0,,,,,36898.0,0.0,0.0,0.0
Líderes Mundiais,Giuseppe Conte,10,19,1058781.0,628036.0,179231.0,115.0,,,,,295714.0,58.0,50882.0,10034.0
Líderes Mundiais,Pedro Sánchez,10,19,266920.0,135156.0,40765.0,123.0,,,,,1102375.0,323.0,244309.0,101556.0
Líderes Mundiais,Rody Duterte,10,19,4332150.0,0.0,0.0,0.0,,,,,183951.0,0.0,0.0,0.0
Líderes Mundiais,Narendra Modi,11,19,44461889.0,3545785.0,185579.0,20.0,,,,,51572593.0,215.0,4589082.0,750185.0
Líderes Mundiais,Donald Trump,11,19,24687097.0,17624610.0,2053648.0,347.0,,433566.0,60.0,19924627.0,67179031.0,859.0,31183252.0,7680421.0
Líderes Mundiais,Erdogan,11,19,9256415.0,895895.0,95249.0,53.0,,23703.0,4.0,1907641.0,14361156.0,56.0,1092982.0,240994.0
Líderes Mundiais,Jair Bolsonaro,11,19,9935838.0,14230824.0,1243912.0,168.0,14568599.0,657351.0,72.0,21326794.0,5491876.0,209.0,5539946.0,952827.0
Líderes Mundiais,Cristina Kirchner,11,19,2565583.0,111824.0,6361.0,3.0,1030638.0,3738.0,1.0,169912.0,5664554.0,5.0,276897.0,102712.0
Líderes Mundiais,Obrador,11,19,6281270.0,1637581.0,412907.0,58.0,,13778.0,5.0,221974.0,6279326.0,54.0,678287.0,196254.0
Líderes Mundiais,Evo Morales,11,19,854814.0,1621107.0,411440.0,118.0,153022.0,53142.0,85.0,705749.0,932830.0,211.0,4203968.0,1812234.0
Líderes Mundiais,Alberto Fernández,11,19,310861.0,324021.0,42235.0,41.0,841950.0,48074.0,26.0,1859526.0,667243.0,171.0,1816112.0,380814.0
Líderes Mundiais,Emmanuel Macron,11,19,2511874.0,128036.0,34094.0,29.0,1571738.0,5014.0,5.0,279188.0,4306084.0,74.0,227499.0,50906.0
Líderes Mundiais,Justin Trudeau,11,19,6785929.0,402036.0,37844.0,50.0,,,,,4640460.0,221.0,191796.0,28839.0
Líderes Mundiais,Matteo Salvini,11,19,3831228.0,7149375.0,1516813.0,553.0,1871038.0,567378.0,454.0,12427095.0,1171742.0,839.0,1033324.0,204872.0
Líderes Mundiais,Lacalle Pou,11,19,141794.0,170081.0,25764.0,62.0,79118.0,12991.0,34.0,269597.0,192690.0,209.0,276693.0,65840.0
Líderes Mundiais,Benjamin Netanyahu,11,19,2485664.0,1074532.0,165169.0,125.0,744670.0,40943.0,51.0,734817.0,1705379.0,177.0,257685.0,41537.0
Líderes Mundiais,Nicolás Maduro,11,19,894264.0,370165.0,63618.0,181.0,657621.0,25519.0,126.0,364762.0,3710854.0,787.0,585011.0,608128.0
Líderes Mundiais,Piñera,11,19,511185.0,51470.0,55435.0,14.0,518088.0,42217.0,7.0,135207.0,2374447.0,43.0,121595.0,35416.0
Líderes Mundiais,Boris Johnson,11,19,768663.0,1713384.0,301692.0,360.0,,,,,1257262.0,352.0,1239369.0,226093.0
Líderes Mundiais,Iván Duque,11,19,913265.0,390415.0,101943.0,133.0,659178.0,31184.0,19.0,189584.0,1059173.0,329.0,441732.0,158344.0
Líderes Mundiais,Scott Morrison,11,19,217610.0,58017.0,24147.0,31.0,84519.0,6925.0,13.0,37443.0,214156.0,51.0,20220.0,3123.0
Líderes Mundiais,Giuseppe Conte,11,19,1060246.0,536125.0,106678.0,90.0,,,,,302787.0,61.0,29257.0,7289.0
Líderes Mundiais,Viktor Orbán,11,19,660977.0,207134.0,9948.0,25.0,,,,,36940.0,0.0,0.0,0.0
Líderes Mundiais,Pedro Sánchez,11,19,268914.0,90388.0,23768.0,68.0,,,,,1121777.0,209.0,183210.0,71780.0
Líderes Mundiais,Rody Duterte,11,19,4331360.0,0.0,0.0,0.0,,,,,183987.0,0.0,0.0,0.0
Líderes Mundiais,Donald Trump,12,19,24856559.0,22834322.0,2672170.0,378.0,,540200.0,73.0,28160225.0,68102295.0,1112.0,36318802.0,8711178.0
Líderes Mundiais,Narendra Modi,12,19,44490893.0,2647402.0,354432.0,19.0,,,,,52248844.0,175.0,4837325.0,885821.0
Líderes Mundiais,Jair Bolsonaro,12,19,9942739.0,7313442.0,723849.0,125.0,14714774.0,441505.0,50.0,14364562.0,5590360.0,117.0,3417021.0,570121.0
Líderes Mundiais,Erdogan,12,19,9263041.0,1217155.0,121765.0,56.0,,71760.0,5.0,3215945.0,14441815.0,61.0,1259110.0,289032.0
Líderes Mundiais,Obrador,12,19,6322698.0,1582467.0,290737.0,47.0,,6523.0,4.0,193331.0,6349853.0,43.0,505366.0,144443.0
Líderes Mundiais,Lacalle Pou,12,19,144778.0,56044.0,11852.0,10.0,88662.0,4900.0,9.0,130018.0,200671.0,36.0,62916.0,9942.0
Líderes Mundiais,Alberto Fernández,12,19,419993.0,660079.0,132326.0,43.0,1230335.0,147820.0,30.0,4113467.0,810013.0,129.0,1678879.0,295668.0
Líderes Mundiais,Cristina Kirchner,12,19,2576427.0,452658.0,86924.0,21.0,1132045.0,41599.0,11.0,1341837.0,5707631.0,47.0,614680.0,172350.0
Líderes Mundiais,Evo Morales,12,19,877377.0,738452.0,116699.0,52.0,170118.0,10409.0,30.0,233172.0,968241.0,149.0,1255344.0,572124.0
Líderes Mundiais,Matteo Salvini,12,19,3833080.0,7726860.0,1575041.0,537.0,1900545.0,568793.0,372.0,10648735.0,1179960.0,857.0,1098285.0,207939.0
Líderes Mundiais,Emmanuel Macron,12,19,2529545.0,175502.0,63998.0,29.0,1584884.0,12377.0,7.0,318107.0,4358677.0,74.0,247943.0,51739.0
Líderes Mundiais,Benjamin Netanyahu,12,19,2485635.0,1155438.0,148535.0,171.0,750337.0,38948.0,94.0,1054201.0,1709118.0,180.0,278548.0,47641.0
Líderes Mundiais,Nicolás Maduro,12,19,897985.0,298545.0,41551.0,147.0,665011.0,14535.0,104.0,265704.0,3718553.0,511.0,403050.0,446281.0
Líderes Mundiais,Iván Duque,12,19,916922.0,462250.0,72276.0,141.0,662723.0,11830.0,27.0,201046.0,1090853.0,284.0,266875.0,93401.0
Líderes Mundiais,Justin Trudeau,12,19,6790036.0,489264.0,51977.0,58.0,,,,,4652255.0,237.0,248856.0,35437.0
Líderes Mundiais,Boris Johnson,12,19,833335.0,1826982.0,258099.0,358.0,,,,,1405092.0,311.0,1798533.0,333477.0
Líderes Mundiais,Piñera,12,19,503062.0,37275.0,24928.0,19.0,517337.0,29106.0,14.0,105763.0,2384985.0,41.0,94516.0,24491.0
Líderes Mundiais,Giuseppe Conte,12,19,1062487.0,532487.0,150656.0,72.0,,,,,308560.0,48.0,29868.0,6239.0
Líderes Mundiais,Scott Morrison,12,19,223059.0,86147.0,41364.0,32.0,89120.0,22648.0,17.0,73024.0,223565.0,35.0,43739.0,7047.0
Líderes Mundiais,Viktor Orbán,12,19,664442.0,399083.0,21938.0,42.0,,,,,36987.0,0.0,0.0,0.0
Líderes Mundiais,Pedro Sánchez,12,19,269259.0,49199.0,11711.0,39.0,,,,,1129801.0,134.0,93864.0,32688.0
Líderes Mundiais,Rody Duterte,12,19,4331834.0,0.0,0.0,0.0,,,,,184205.0,0.0,0.0,0.0
Cervejas,Heineken,1,19,24702812.0,5013.0,272.0,2.0,313932.0,1028.0,1.0,32126.0,97194.0,1.0,7.0,0.0
Cervejas,Skol,1,19,12405518.0,98943.0,2556.0,6.0,296401.0,1201.0,4.0,25192.0,217564.0,559.0,37928.0,3739.0
Cervejas,Crystal,1,19,716624.0,28362.0,1033.0,3.0,11760.0,66.0,4.0,706.0,3144.0,19.0,13.0,6.0
Cervejas,Stella Artois,1,19,3453052.0,377.0,10.0,1.0,122126.0,0.0,0.0,0.0,1050.0,0.0,0.0,0.0
Cervejas,Brahma,1,19,4194253.0,8834.0,292.0,2.0,107378.0,238.0,2.0,4057.0,58305.0,84.0,17010.0,3426.0
Cervejas,Budweiser,1,19,14920847.0,8377.0,423.0,6.0,415679.0,0.0,0.0,0.0,79914.0,129.0,7231.0,428.0
Cervejas,Itaipava,1,19,1738627.0,76316.0,2542.0,9.0,52561.0,941.0,3.0,3168.0,19623.0,29.0,18.0,5.0
Cervejas,Bohemia,1,19,4758826.0,12527.0,335.0,83.0,79471.0,27.0,3.0,1047.0,,,,
Cervejas,Colorado,1,19,523117.0,5924.0,915.0,10.0,169451.0,2099.0,4.0,35648.0,,0.0,0.0,0.0
Cervejas,Antarctica,1,19,3176637.0,2792.0,177.0,2.0,75480.0,62.0,2.0,1280.0,3650.0,8.0,3.0,1.0
Cervejas,Devassa,1,19,986450.0,93.0,8.0,1.0,25684.0,0.0,0.0,0.0,116161.0,0.0,0.0,0.0
Cervejas,Kaiser,1,19,994456.0,4583.0,484.0,3.0,,,,,61618.0,19.0,25.0,1.0
Cervejas,Backer,1,19,107935.0,520.0,52.0,20.0,97308.0,4724.0,28.0,37064.0,1072.0,0.0,0.0,0.0
Cervejas,Wäls,1,19,68268.0,571.0,30.0,14.0,108442.0,367.0,19.0,21641.0,8636.0,10.0,13.0,2.0
Cervejas,Baden Baden,1,19,442974.0,0.0,0.0,0.0,113082.0,277.0,2.0,5741.0,,0.0,0.0,0.0
Cervejas,Amstel,1,19,464840.0,622.0,59.0,2.0,41462.0,319.0,3.0,5075.0,,0.0,0.0,0.0
Cervejas,Eisenbahn,1,19,601198.0,0.0,0.0,0.0,146084.0,0.0,0.0,0.0,,0.0,0.0,0.0
Cervejas,Schin,1,19,1634649.0,0.0,0.0,0.0,23646.0,0.0,0.0,0.0,,,,
Cervejas,Bavaria,1,19,1156669.0,0.0,0.0,0.0,4349.0,0.0,0.0,0.0,,,,
Cervejas,Brahma,2,19,4187773.0,333583.0,11451.0,3.0,109807.0,23.0,1.0,3458.0,59854.0,195.0,30286.0,4468.0
Cervejas,Heineken,2,19,24685900.0,32031.0,960.0,2.0,321695.0,324.0,2.0,11163.0,97532.0,2.0,2.0,0.0
Cervejas,Skol,2,19,12378976.0,52320.0,4828.0,5.0,302449.0,1132.0,4.0,11168.0,217731.0,250.0,41111.0,5363.0
Cervejas,Budweiser,2,19,14901462.0,22114.0,691.0,8.0,418657.0,153.0,2.0,7677.0,80604.0,269.0,21273.0,1284.0
Cervejas,Antarctica,2,19,3169917.0,23788.0,1150.0,4.0,76056.0,65.0,4.0,1346.0,3665.0,24.0,27.0,5.0
Cervejas,Schin,2,19,1631058.0,98402.0,6504.0,10.0,24167.0,110.0,5.0,1543.0,,,,
Cervejas,Bohemia,2,19,4748354.0,8049.0,179.0,83.0,80055.0,0.0,0.0,0.0,,,,
Cervejas,Crystal,2,19,714999.0,40529.0,2013.0,5.0,12249.0,164.0,4.0,572.0,3164.0,4.0,12.0,4.0
Cervejas,Stella Artois,2,19,3446541.0,20923.0,861.0,7.0,122373.0,85.0,3.0,1491.0,1404.0,94.0,4201.0,270.0
Cervejas,Devassa,2,19,984439.0,3878.0,144.0,3.0,27194.0,197.0,12.0,5284.0,115922.0,1.0,10.0,3.0
Cervejas,Itaipava,2,19,1735574.0,68623.0,1503.0,12.0,58780.0,248.0,3.0,1545.0,19639.0,16.0,12.0,1.0
Cervejas,Backer,2,19,107800.0,1159.0,116.0,19.0,100604.0,1017.0,24.0,29502.0,1076.0,0.0,0.0,0.0
Cervejas,Colorado,2,19,522925.0,4755.0,456.0,8.0,171457.0,520.0,4.0,17524.0,,0.0,0.0,0.0
Cervejas,Wäls,2,19,68276.0,151.0,7.0,8.0,110402.0,273.0,16.0,16736.0,8650.0,2.0,0.0,0.0
Cervejas,Amstel,2,19,464045.0,980.0,61.0,2.0,43439.0,248.0,12.0,8595.0,,0.0,0.0,0.0
Cervejas,Eisenbahn,2,19,600908.0,0.0,0.0,0.0,147011.0,0.0,0.0,0.0,,0.0,0.0,0.0
Cervejas,Baden Baden,2,19,442460.0,0.0,0.0,0.0,114026.0,0.0,0.0,0.0,,0.0,0.0,0.0
Cervejas,Bavaria,2,19,1158440.0,0.0,0.0,0.0,4372.0,0.0,0.0,0.0,,,,
Cervejas,Kaiser,2,19,991994.0,0.0,0.0,0.0,,,,,61436.0,21.0,30.0,0.0
Cervejas,Brahma,3,19,4180600.0,175463.0,8325.0,10.0,113012.0,200.0,2.0,1754.0,60861.0,111.0,22257.0,6813.0
Cervejas,Heineken,3,19,24694699.0,15154.0,921.0,6.0,336161.0,1112.0,6.0,25269.0,97908.0,1.0,322.0,36.0
Cervejas,Antarctica,3,19,3164168.0,143905.0,2656.0,18.0,77018.0,58.0,9.0,2043.0,3683.0,0.0,0.0,0.0
Cervejas,Skol,3,19,12356309.0,26029.0,1361.0,6.0,314834.0,1286.0,19.0,30240.0,217951.0,184.0,34287.0,2223.0
Cervejas,Stella Artois,3,19,3441203.0,36680.0,1698.0,8.0,123830.0,219.0,7.0,3040.0,1902.0,22.0,13560.0,1103.0
Cervejas,Kaiser,3,19,990054.0,6807.0,211.0,1.0,,,,,61275.0,16.0,16.0,1.0
Cervejas,Budweiser,3,19,14891067.0,21433.0,1415.0,11.0,420398.0,0.0,0.0,0.0,81013.0,279.0,12787.0,2094.0
Cervejas,Colorado,3,19,523411.0,13458.0,1093.0,7.0,174543.0,1335.0,8.0,36574.0,,0.0,0.0,0.0
Cervejas,Bohemia,3,19,4740770.0,8153.0,216.0,87.0,81317.0,0.0,0.0,0.0,,,,
Cervejas,Devassa,3,19,982913.0,32116.0,351.0,4.0,30438.0,263.0,24.0,8659.0,115818.0,11.0,19.0,3.0
Cervejas,Schin,3,19,1628345.0,40872.0,2296.0,14.0,25631.0,184.0,4.0,1603.0,,,,
Cervejas,Crystal,3,19,713649.0,10904.0,331.0,7.0,12766.0,104.0,14.0,1189.0,3209.0,1.0,1.0,1.0
Cervejas,Itaipava,3,19,1732883.0,37529.0,653.0,18.0,68163.0,448.0,8.0,4665.0,19665.0,9.0,9.0,0.0
Cervejas,Backer,3,19,107713.0,1482.0,81.0,22.0,103784.0,754.0,29.0,26932.0,1079.0,0.0,0.0,0.0
Cervejas,Amstel,3,19,463323.0,932.0,82.0,2.0,46796.0,175.0,6.0,2819.0,,0.0,0.0,0.0
Cervejas,Wäls,3,19,68490.0,193.0,8.0,11.0,112971.0,463.0,16.0,15717.0,8657.0,3.0,1.0,0.0
Cervejas,Eisenbahn,3,19,601102.0,0.0,0.0,0.0,148079.0,181.0,2.0,6950.0,,0.0,0.0,0.0
Cervejas,Baden Baden,3,19,441702.0,0.0,0.0,0.0,113841.0,24.0,1.0,1022.0,,0.0,0.0,0.0
Cervejas,Bavaria,3,19,1160058.0,0.0,0.0,0.0,4403.0,0.0,0.0,0.0,,,,
Cervejas,Stella Artois,4,19,3438173.0,72075.0,2713.0,9.0,128584.0,331.0,15.0,3760.0,1888.0,1.0,118.0,10.0
Cervejas,Skol,4,19,12334752.0,61021.0,6735.0,18.0,319911.0,1558.0,24.0,18718.0,217959.0,275.0,31327.0,3394.0
Cervejas,Budweiser,4,19,14893449.0,64181.0,2507.0,22.0,422026.0,405.0,5.0,15567.0,82319.0,1076.0,22334.0,3648.0
Cervejas,Eisenbahn,4,19,600371.0,364.0,44.0,1.0,149012.0,204.0,1.0,2370.0,,0.0,0.0,0.0
Cervejas,Heineken,4,19,24736973.0,12653.0,425.0,16.0,361201.0,226.0,3.0,7450.0,98100.0,0.0,0.0,0.0
Cervejas,Schin,4,19,1626042.0,30605.0,1464.0,6.0,26417.0,136.0,6.0,1134.0,,,,
Cervejas,Crystal,4,19,712395.0,25963.0,748.0,6.0,13241.0,17.0,4.0,488.0,3244.0,8.0,6.0,0.0
Cervejas,Colorado,4,19,523722.0,2349.0,347.0,8.0,178012.0,1278.0,8.0,36809.0,,0.0,0.0,0.0
Cervejas,Antarctica,4,19,3158532.0,3022.0,311.0,5.0,77038.0,0.0,0.0,0.0,3683.0,1.0,34.0,12.0
Cervejas,Brahma,4,19,4174814.0,42000.0,2368.0,19.0,117895.0,240.0,3.0,1022.0,61327.0,52.0,2816.0,556.0
Cervejas,Bohemia,4,19,4733943.0,10617.0,184.0,85.0,82643.0,0.0,0.0,0.0,,,,
Cervejas,Itaipava,4,19,1729960.0,3235.0,277.0,9.0,71018.0,176.0,2.0,2162.0,19670.0,20.0,24.0,3.0
Cervejas,Kaiser,4,19,988212.0,12476.0,480.0,7.0,,,,,61153.0,15.0,15.0,1.0
Cervejas,Baden Baden,4,19,441099.0,0.0,0.0,0.0,113904.0,64.0,1.0,2842.0,,0.0,0.0,0.0
Cervejas,Backer,4,19,107669.0,428.0,35.0,16.0,106557.0,414.0,25.0,21201.0,1082.0,0.0,0.0,0.0
Cervejas,Wäls,4,19,68569.0,124.0,10.0,10.0,115585.0,273.0,20.0,14566.0,8702.0,2.0,2.0,0.0
Cervejas,Amstel,4,19,463613.0,68.0,35.0,1.0,50096.0,244.0,6.0,4323.0,,0.0,0.0,0.0
Cervejas,Devassa,4,19,981284.0,0.0,0.0,0.0,32460.0,325.0,12.0,5546.0,115706.0,13.0,17.0,6.0
Cervejas,Bavaria,4,19,1160932.0,0.0,0.0,0.0,4452.0,0.0,0.0,0.0,,,,
Cervejas,Stella Artois,5,19,3433565.0,73622.0,4841.0,5.0,131073.0,106.0,3.0,1391.0,2118.0,10.0,5191.0,286.0
Cervejas,Heineken,5,19,24756621.0,46237.0,1477.0,16.0,374825.0,243.0,4.0,6516.0,98383.0,1.0,10.0,2.0
Cervejas,Budweiser,5,19,14888251.0,9998.0,383.0,13.0,425208.0,430.0,16.0,41978.0,82668.0,857.0,5107.0,335.0
Cervejas,Skol,5,19,12313257.0,13797.0,972.0,9.0,322584.0,862.0,22.0,15184.0,217981.0,194.0,39491.0,8400.0
Cervejas,Brahma,5,19,4168746.0,107842.0,2830.0,27.0,122789.0,191.0,2.0,3375.0,61930.0,280.0,19870.0,2687.0
Cervejas,Eisenbahn,5,19,603451.0,539.0,73.0,1.0,155611.0,412.0,3.0,18807.0,,0.0,0.0,0.0
Cervejas,Colorado,5,19,524438.0,6052.0,885.0,10.0,182482.0,1423.0,8.0,30993.0,,0.0,0.0,0.0
Cervejas,Schin,5,19,1623080.0,24712.0,1522.0,7.0,27277.0,183.0,2.0,713.0,,,,
Cervejas,Crystal,5,19,711099.0,5740.0,211.0,2.0,13586.0,36.0,2.0,286.0,3264.0,5.0,3.0,0.0
Cervejas,Itaipava,5,19,1726975.0,12187.0,252.0,7.0,73541.0,147.0,3.0,2900.0,19667.0,12.0,16.0,1.0
Cervejas,Antarctica,5,19,3153281.0,10759.0,845.0,9.0,77206.0,110.0,2.0,1211.0,3737.0,41.0,984.0,73.0
Cervejas,Bohemia,5,19,4726719.0,5141.0,140.0,81.0,83882.0,0.0,0.0,0.0,,,,
Cervejas,Backer,5,19,107597.0,380.0,48.0,20.0,109206.0,1164.0,25.0,20463.0,1083.0,0.0,0.0,0.0
Cervejas,Baden Baden,5,19,440577.0,0.0,0.0,0.0,114175.0,29.0,1.0,1724.0,,0.0,0.0,0.0
Cervejas,Wäls,5,19,68633.0,108.0,0.0,7.0,118406.0,256.0,20.0,15008.0,8802.0,1.0,2.0,0.0
Cervejas,Devassa,5,19,979454.0,0.0,0.0,0.0,33506.0,179.0,6.0,3029.0,115554.0,0.0,0.0,0.0
Cervejas,Amstel,5,19,462754.0,0.0,0.0,0.0,51589.0,0.0,0.0,0.0,,0.0,0.0,0.0
Cervejas,Bavaria,5,19,1162070.0,0.0,0.0,0.0,4473.0,0.0,0.0,0.0,,,,
Cervejas,Kaiser,5,19,986187.0,0.0,0.0,0.0,,,,,61030.0,10.0,22.0,3.0
Cervejas,Brahma,6,19,4165409.0,992929.0,22991.0,69.0,0.0,1359.0,25.0,62911.0,63529.0,1529.0,122402.0,17173.0
Cervejas,Heineken,6,19,24752453.0,20311.0,878.0,4.0,0.0,160.0,3.0,6073.0,98627.0,0.0,0.0,0.0
Cervejas,Budweiser,6,19,14882112.0,1156.0,190.0,11.0,429537.0,362.0,15.0,36210.0,82984.0,279.0,5812.0,480.0
Cervejas,Schin,6,19,1620208.0,1382.0,75.0,1.0,28963.0,583.0,1.0,13179.0,,,,
Cervejas,Itaipava,6,19,1724447.0,68566.0,1242.0,12.0,76484.0,89.0,2.0,1242.0,19749.0,45.0,47.0,8.0
Cervejas,Amstel,6,19,462583.0,17984.0,1554.0,3.0,53261.0,1323.0,3.0,1932.0,,0.0,0.0,0.0
Cervejas,Skol,6,19,12291980.0,15965.0,1810.0,9.0,0.0,1281.0,10.0,16340.0,218292.0,216.0,29138.0,2865.0
Cervejas,Antarctica,6,19,3148432.0,28649.0,1373.0,6.0,0.0,14.0,1.0,366.0,3807.0,98.0,462.0,49.0
Cervejas,Stella Artois,6,19,3428926.0,18973.0,618.0,7.0,0.0,7.0,3.0,599.0,2135.0,12.0,864.0,51.0
Cervejas,Colorado,6,19,525223.0,1392.0,178.0,13.0,0.0,987.0,4.0,14124.0,,0.0,0.0,0.0
Cervejas,Crystal,6,19,709892.0,8975.0,311.0,4.0,13776.0,17.0,4.0,380.0,3310.0,13.0,5.0,1.0
Cervejas,Bohemia,6,19,4719293.0,4459.0,188.0,79.0,0.0,0.0,1.0,261.0,,,,
Cervejas,Wäls,6,19,68753.0,486.0,76.0,13.0,120678.0,301.0,20.0,13819.0,8825.0,2.0,3.0,0.0
Cervejas,Devassa,6,19,978032.0,2852.0,78.0,3.0,34936.0,0.0,0.0,0.0,115386.0,9.0,13.0,4.0
Cervejas,Backer,6,19,107596.0,367.0,46.0,15.0,111585.0,786.0,30.0,25240.0,1082.0,0.0,0.0,0.0
Cervejas,Eisenbahn,6,19,603380.0,0.0,0.0,0.0,158767.0,72.0,2.0,3824.0,,0.0,0.0,0.0
Cervejas,Baden Baden,6,19,440153.0,0.0,0.0,0.0,114234.0,0.0,0.0,0.0,,0.0,0.0,0.0
Cervejas,Bavaria,6,19,1162761.0,0.0,0.0,0.0,4530.0,0.0,0.0,0.0,,,,
Cervejas,Kaiser,6,19,984301.0,0.0,0.0,0.0,,,,,60925.0,21.0,29.0,2.0
Cervejas,Brahma,7,19,4160872.0,581441.0,37999.0,16.0,145565.0,857.0,7.0,45168.0,64406.0,641.0,108810.0,10352.0
Cervejas,Heineken,7,19,24746651.0,14253.0,1100.0,3.0,392415.0,255.0,1.0,12293.0,98765.0,12.0,142.0,31.0
Cervejas,Budweiser,7,19,14877667.0,79684.0,2996.0,18.0,432807.0,175.0,8.0,15088.0,83155.0,218.0,9326.0,878.0
Cervejas,Skol,7,19,12271091.0,8365.0,3014.0,7.0,329840.0,1249.0,11.0,13627.0,218144.0,131.0,21369.0,2723.0
Cervejas,Stella Artois,7,19,3426029.0,46656.0,1464.0,9.0,131919.0,38.0,12.0,2271.0,2126.0,12.0,70.0,25.0
Cervejas,Colorado,7,19,525868.0,7032.0,2831.0,18.0,193536.0,2788.0,15.0,54342.0,,0.0,0.0,0.0
Cervejas,Bohemia,7,19,4711858.0,6546.0,145.0,75.0,85191.0,0.0,0.0,0.0,,,,
Cervejas,Eisenbahn,7,19,602973.0,4813.0,162.0,4.0,160883.0,115.0,5.0,7022.0,,0.0,0.0,0.0
Cervejas,Baden Baden,7,19,439845.0,355.0,7.0,1.0,114185.0,0.0,0.0,0.0,,0.0,0.0,0.0
Cervejas,Itaipava,7,19,1721562.0,812.0,70.0,6.0,78138.0,142.0,3.0,2334.0,19782.0,38.0,140.0,10.0
Cervejas,Amstel,7,19,463279.0,6543.0,374.0,9.0,55089.0,60.0,3.0,1060.0,,0.0,0.0,0.0
Cervejas,Schin,7,19,1617458.0,771.0,35.0,1.0,29225.0,0.0,0.0,0.0,,,,
Cervejas,Backer,7,19,107574.0,286.0,23.0,12.0,113538.0,623.0,26.0,22865.0,1081.0,0.0,0.0,0.0
Cervejas,Crystal,7,19,708707.0,2948.0,171.0,5.0,14007.0,21.0,4.0,423.0,3335.0,4.0,5.0,1.0
Cervejas,Kaiser,7,19,982394.0,48.0,7.0,1.0,,,,,60815.0,28.0,62.0,9.0
Cervejas,Wäls,7,19,68799.0,239.0,19.0,16.0,122407.0,350.0,19.0,12811.0,8845.0,5.0,5.0,1.0
Cervejas,Antarctica,7,19,3143282.0,0.0,0.0,0.0,77076.0,0.0,0.0,0.0,3800.0,0.0,0.0,0.0
Cervejas,Devassa,7,19,976346.0,0.0,0.0,0.0,36983.0,152.0,6.0,4293.0,115272.0,0.0,0.0,0.0
Cervejas,Bavaria,7,19,1163919.0,0.0,0.0,0.0,4532.0,0.0,0.0,0.0,,,,
Cervejas,Skol,8,19,12250067.0,71401.0,9182.0,7.0,335460.0,1260.0,10.0,17497.0,218217.0,356.0,38577.0,3188.0
Cervejas,Brahma,8,19,4154738.0,24331.0,2315.0,3.0,151845.0,110.0,1.0,976.0,65191.0,138.0,23679.0,4728.0
Cervejas,Heineken,8,19,24770335.0,6974.0,574.0,7.0,402579.0,709.0,7.0,17859.0,98974.0,6.0,606.0,28.0
Cervejas,Eisenbahn,8,19,603572.0,315.0,73.0,1.0,163143.0,368.0,5.0,14861.0,,4.0,68.0,11.0
Cervejas,Budweiser,8,19,14872864.0,8383.0,1461.0,6.0,434538.0,140.0,8.0,13877.0,83206.0,49.0,3726.0,262.0
Cervejas,Wäls,8,19,68857.0,3472.0,461.0,13.0,124617.0,620.0,13.0,10174.0,8861.0,1.0,0.0,0.0
Cervejas,Bohemia,8,19,4703738.0,13490.0,271.0,84.0,85583.0,0.0,0.0,0.0,,,,
Cervejas,Antarctica,8,19,3138055.0,183.0,53.0,1.0,76973.0,20.0,1.0,711.0,3779.0,1.0,2.0,1.0
Cervejas,Stella Artois,8,19,3422500.0,44528.0,1743.0,11.0,135072.0,303.0,24.0,6066.0,2313.0,23.0,5550.0,521.0
Cervejas,Itaipava,8,19,1718741.0,21978.0,508.0,8.0,79947.0,362.0,2.0,1367.0,19788.0,37.0,27.0,11.0
Cervejas,Crystal,8,19,707592.0,21739.0,747.0,7.0,14507.0,18.0,4.0,619.0,3354.0,3.0,2.0,0.0
Cervejas,Baden Baden,8,19,439295.0,0.0,0.0,0.0,114402.0,120.0,1.0,4940.0,,0.0,0.0,0.0
Cervejas,Kaiser,8,19,980229.0,8865.0,493.0,5.0,,,,,60701.0,31.0,40.0,5.0
Cervejas,Colorado,8,19,525965.0,1469.0,698.0,10.0,199998.0,2380.0,10.0,32150.0,,0.0,0.0,0.0
Cervejas,Backer,8,19,107548.0,463.0,34.0,13.0,116707.0,5024.0,23.0,23809.0,1081.0,0.0,0.0,0.0
Cervejas,Amstel,8,19,465364.0,5474.0,264.0,4.0,57769.0,74.0,3.0,1240.0,,46.0,2395.0,142.0
Cervejas,Schin,8,19,1614489.0,3000.0,167.0,2.0,29418.0,0.0,0.0,0.0,,,,
Cervejas,Devassa,8,19,974473.0,68.0,11.0,3.0,39142.0,101.0,27.0,5331.0,115140.0,0.0,0.0,0.0
Cervejas,Bavaria,8,19,1163383.0,0.0,0.0,0.0,4595.0,0.0,0.0,0.0,,,,
Cervejas,Heineken,9,19,24747925.0,49131.0,1985.0,6.0,419994.0,851.0,5.0,26947.0,100348.0,103.0,6160.0,1269.0
Cervejas,Budweiser,9,19,14886839.0,40675.0,618.0,21.0,435496.0,252.0,5.0,30821.0,83860.0,265.0,38664.0,5596.0
Cervejas,Skol,9,19,12228171.0,508.0,119.0,2.0,338891.0,556.0,5.0,6074.0,218095.0,98.0,12970.0,989.0
Cervejas,Schin,9,19,1611689.0,5097.0,375.0,3.0,29562.0,16.0,1.0,291.0,,,,
Cervejas,Antarctica,9,19,3132611.0,2818.0,113.0,7.0,76867.0,16.0,1.0,501.0,3776.0,3.0,102.0,1.0
Cervejas,Stella Artois,9,19,3416016.0,424.0,76.0,1.0,137273.0,0.0,0.0,0.0,2688.0,40.0,33926.0,5299.0
Cervejas,Amstel,9,19,465140.0,1568.0,167.0,5.0,60523.0,35.0,9.0,2110.0,1942.0,124.0,5039.0,407.0
Cervejas,Brahma,9,19,4147741.0,0.0,0.0,0.0,157579.0,269.0,3.0,9327.0,66042.0,120.0,26146.0,4413.0
Cervejas,Bohemia,9,19,4695931.0,6102.0,80.0,67.0,86106.0,0.0,0.0,0.0,,,,
Cervejas,Colorado,9,19,525981.0,1635.0,443.0,10.0,205041.0,972.0,9.0,21148.0,163.0,0.0,0.0,0.0
Cervejas,Itaipava,9,19,1715895.0,1128.0,82.0,8.0,82650.0,269.0,4.0,1820.0,19848.0,9.0,10.0,2.0
Cervejas,Baden Baden,9,19,438609.0,0.0,0.0,0.0,114498.0,164.0,1.0,4999.0,1727.0,0.0,0.0,0.0
Cervejas,Crystal,9,19,706402.0,3558.0,216.0,4.0,15306.0,73.0,4.0,810.0,3374.0,4.0,1.0,0.0
Cervejas,Wäls,9,19,68911.0,712.0,83.0,17.0,126743.0,2654.0,23.0,16693.0,8868.0,0.0,0.0,0.0
Cervejas,Devassa,9,19,972831.0,63.0,0.0,1.0,40593.0,53.0,6.0,1489.0,114955.0,12.0,10.0,0.0
Cervejas,Backer,9,19,107538.0,714.0,48.0,23.0,119030.0,581.0,25.0,18610.0,1084.0,0.0,0.0,0.0
Cervejas,Eisenbahn,9,19,603310.0,0.0,0.0,0.0,166037.0,239.0,4.0,9321.0,12637.0,0.0,0.0,0.0
Cervejas,Bavaria,9,19,1163908.0,0.0,0.0,0.0,4628.0,0.0,0.0,0.0,,,,
Cervejas,Kaiser,9,19,978368.0,0.0,0.0,0.0,,,,,60545.0,27.0,37.0,4.0
Cervejas,Brahma,10,19,4140965.0,211815.0,2796.0,7.0,161115.0,294.0,1.0,5034.0,69023.0,261.0,70029.0,16312.0
Cervejas,Budweiser,10,19,14867082.0,24485.0,1193.0,24.0,436923.0,627.0,11.0,61297.0,84821.0,344.0,66069.0,7480.0
Cervejas,Heineken,10,19,4145370.0,71295.0,4131.0,18.0,432312.0,1215.0,22.0,53588.0,101602.0,116.0,5134.0,127.0
Cervejas,Skol,10,19,12209002.0,61578.0,1849.0,20.0,344806.0,112.0,3.0,1596.0,218253.0,347.0,11798.0,713.0
Cervejas,Eisenbahn,10,19,602772.0,270.0,18.0,2.0,168814.0,205.0,7.0,10981.0,12630.0,0.0,0.0,0.0
Cervejas,Colorado,10,19,526731.0,4517.0,891.0,17.0,212422.0,2563.0,17.0,53436.0,181.0,0.0,0.0,0.0
Cervejas,Bohemia,10,19,4688124.0,4050.0,89.0,77.0,86618.0,0.0,0.0,0.0,,,,
Cervejas,Crystal,10,19,705123.0,6234.0,319.0,4.0,15628.0,37.0,4.0,564.0,3397.0,0.0,0.0,0.0
Cervejas,Itaipava,10,19,1713166.0,5350.0,272.0,10.0,86031.0,1033.0,4.0,2807.0,19937.0,15.0,11.0,1.0
Cervejas,Schin,10,19,1608665.0,812.0,84.0,5.0,30010.0,0.0,0.0,0.0,,,,
Cervejas,Stella Artois,10,19,3414766.0,0.0,0.0,0.0,138581.0,50.0,9.0,2628.0,2922.0,92.0,17152.0,1746.0
Cervejas,Antarctica,10,19,3127498.0,0.0,0.0,0.0,76873.0,0.0,0.0,0.0,3795.0,0.0,0.0,0.0
Cervejas,Wäls,10,19,68817.0,392.0,28.0,14.0,128296.0,212.0,17.0,11921.0,8851.0,1.0,0.0,0.0
Cervejas,Backer,10,19,107416.0,137.0,11.0,5.0,120675.0,295.0,25.0,16694.0,1086.0,0.0,0.0,0.0
Cervejas,Devassa,10,19,971009.0,18.0,1.0,1.0,41870.0,0.0,0.0,0.0,114740.0,50.0,88.0,12.0
Cervejas,Amstel,10,19,464256.0,50.0,23.0,3.0,62412.0,0.0,0.0,0.0,2093.0,57.0,139.0,20.0
Cervejas,Baden Baden,10,19,437990.0,0.0,0.0,0.0,114737.0,0.0,0.0,0.0,1726.0,0.0,0.0,0.0
Cervejas,Bavaria,10,19,1165626.0,0.0,0.0,0.0,4649.0,0.0,0.0,0.0,,,,
Cervejas,Kaiser,10,19,976470.0,0.0,0.0,0.0,,,,,60402.0,22.0,26.0,2.0
Cervejas,Skol,11,19,12190402.0,80413.0,1225.0,5.0,350379.0,2096.0,6.0,6451.0,218414.0,106.0,20052.0,2362.0
Cervejas,Brahma,11,19,4135466.0,104226.0,3744.0,8.0,165879.0,0.0,0.0,0.0,70008.0,169.0,49206.0,8539.0
Cervejas,Budweiser,11,19,14861782.0,145090.0,10218.0,21.0,438542.0,206.0,9.0,25613.0,85387.0,315.0,59219.0,5337.0
Cervejas,Heineken,11,19,4140371.0,39436.0,1416.0,27.0,445401.0,2354.0,28.0,110121.0,102090.0,214.0,8432.0,1146.0
Cervejas,Itaipava,11,19,1710706.0,12903.0,510.0,7.0,89107.0,276.0,2.0,1424.0,20116.0,14.0,14.0,5.0
Cervejas,Stella Artois,11,19,3410406.0,11634.0,439.0,5.0,141394.0,88.0,6.0,2642.0,3095.0,58.0,8391.0,414.0
Cervejas,Bohemia,11,19,4681237.0,2495.0,59.0,26.0,87713.0,0.0,0.0,0.0,,,,
Cervejas,Crystal,11,19,704158.0,26518.0,781.0,6.0,15967.0,12.0,1.0,171.0,3423.0,4.0,5.0,0.0
Cervejas,Eisenbahn,11,19,601951.0,821.0,54.0,1.0,170165.0,97.0,3.0,4354.0,12588.0,24.0,23.0,3.0
Cervejas,Colorado,11,19,526655.0,766.0,55.0,11.0,217104.0,423.0,12.0,22016.0,211.0,0.0,0.0,0.0
Cervejas,Antarctica,11,19,3123111.0,127.0,5.0,1.0,76984.0,20.0,1.0,579.0,3783.0,0.0,0.0,0.0
Cervejas,Backer,11,19,107336.0,515.0,68.0,14.0,122132.0,527.0,27.0,24917.0,1089.0,0.0,0.0,0.0
Cervejas,Devassa,11,19,969484.0,88.0,2.0,2.0,43927.0,256.0,12.0,2702.0,114488.0,52.0,87.0,4.0
Cervejas,Wäls,11,19,68773.0,438.0,26.0,13.0,129522.0,308.0,15.0,11449.0,8860.0,9.0,6.0,1.0
Cervejas,Amstel,11,19,463510.0,120.0,12.0,3.0,65009.0,31.0,3.0,1853.0,2360.0,128.0,9034.0,882.0
Cervejas,Baden Baden,11,19,437316.0,0.0,0.0,0.0,114791.0,0.0,0.0,0.0,1721.0,0.0,0.0,0.0
Cervejas,Schin,11,19,1606254.0,0.0,0.0,0.0,30183.0,0.0,0.0,0.0,,,,
Cervejas,Bavaria,11,19,1156846.0,0.0,0.0,0.0,4671.0,0.0,0.0,0.0,,,,
Cervejas,Kaiser,11,19,974864.0,0.0,0.0,0.0,,,,,60312.0,29.0,186.0,9.0
Cervejas,Budweiser,12,19,14849101.0,763614.0,12959.0,36.0,439608.0,129.0,5.0,16955.0,87190.0,288.0,15457.0,2127.0
Cervejas,Brahma,12,19,4132605.0,140060.0,2575.0,3.0,171614.0,0.0,0.0,0.0,71811.0,138.0,25811.0,3638.0
Cervejas,Skol,12,19,12174049.0,47895.0,2391.0,7.0,357794.0,814.0,9.0,15776.0,220209.0,571.0,43880.0,5123.0
Cervejas,Heineken,12,19,4135594.0,6570.0,1327.0,3.0,454332.0,2461.0,3.0,44332.0,102747.0,1.0,27.0,6.0
Cervejas,Stella Artois,12,19,3413928.0,147.0,33.0,2.0,148880.0,68.0,4.0,2159.0,49289.0,188.0,1374.0,266.0
Cervejas,Itaipava,12,19,1708463.0,28123.0,1016.0,13.0,95774.0,176.0,2.0,1264.0,20241.0,0.0,0.0,0.0
Cervejas,Crystal,12,19,703287.0,3945.0,155.0,4.0,16459.0,33.0,4.0,448.0,3481.0,3.0,3.0,0.0
Cervejas,Bohemia,12,19,4674338.0,703.0,33.0,19.0,91922.0,0.0,0.0,0.0,,,,
Cervejas,Colorado,12,19,526587.0,1513.0,218.0,16.0,221446.0,794.0,13.0,26091.0,238.0,0.0,0.0,0.0
Cervejas,Wäls,12,19,68674.0,597.0,61.0,12.0,130143.0,214.0,12.0,7405.0,8886.0,16.0,16.0,0.0
Cervejas,Antarctica,12,19,3119103.0,0.0,0.0,0.0,77008.0,17.0,1.0,340.0,3832.0,1.0,3.0,1.0
Cervejas,Schin,12,19,1603590.0,0.0,0.0,0.0,30264.0,0.0,0.0,0.0,30528.0,0.0,0.0,0.0
Cervejas,Eisenbahn,12,19,601372.0,0.0,0.0,0.0,171756.0,101.0,3.0,7540.0,12682.0,20.0,15.0,1.0
Cervejas,Amstel,12,19,462944.0,35.0,4.0,2.0,67546.0,0.0,0.0,0.0,2503.0,20.0,28.0,7.0
Cervejas,Devassa,12,19,967990.0,0.0,0.0,0.0,45809.0,0.0,0.0,0.0,114174.0,8.0,10.0,0.0
Cervejas,Backer,12,19,107206.0,1527.0,212.0,37.0,123848.0,708.0,29.0,17031.0,1138.0,0.0,0.0,0.0
Cervejas,Baden Baden,12,19,436516.0,0.0,0.0,0.0,114661.0,0.0,0.0,0.0,1724.0,0.0,0.0,0.0
Cervejas,Bavaria,12,19,1159369.0,0.0,0.0,0.0,4695.0,0.0,0.0,0.0,,,,
Cervejas,Kaiser,12,19,973133.0,0.0,0.0,0.0,,,,,60089.0,28.0,43.0,4.0
